property_id,user_id
12741,632adf3fcee807a8233c19be
8378,632ab0e3f65fdabf842911c5
1422,632aba81f65fdabf842911d4
9333,632adee9cee807a8233c1937
11991,632adedbcee807a8233c191f
4377,632adefacee807a8233c1955
9659,632adf42cee807a8233c19c4
2969,632adf39cee807a8233c19b5
2652,632adefccee807a8233c1958
2051,632aded7cee807a8233c1919
12916,632adef5cee807a8233c194f
9853,632a95d0a21ed14a09d95673
4399,632adf26cee807a8233c199a
10073,632a9442a21ed14a09d9566a
547,632adeedcee807a8233c1940
3440,632aacf3f65fdabf842911b9
12741,632adebdcee807a8233c18e9
12688,632adf04cee807a8233c1964
12688,632adf3bcee807a8233c19b8
615,632aded1cee807a8233c190d
1732,632adeffcee807a8233c195b
2969,632adec7cee807a8233c18fb
11991,632ab0e3f65fdabf842911c5
10975,632aded9cee807a8233c191c
5014,632adebecee807a8233c18ec
2652,632adf4acee807a8233c19d3
507,632adef2cee807a8233c1949
4377,632adf08cee807a8233c196a
6064,632adeffcee807a8233c195b
906,632adec5cee807a8233c18f8
13178,632adf02cee807a8233c1961
3303,632adf07cee807a8233c1967
8484,632aba81f65fdabf842911d4
3016,632adf10cee807a8233c1976
6099,632adf2dcee807a8233c19a3
10917,632adec7cee807a8233c18fb
3343,632a95d0a21ed14a09d95673
9097,632adf02cee807a8233c1961
9659,632adeefcee807a8233c1943
583,632adec3cee807a8233c18f5
9097,632adf14cee807a8233c197c
2656,63299610908adf01ae3f849c
906,632adf40cee807a8233c19c1
7258,632a7ef781d1908ea1f60029
3303,632adec7cee807a8233c18fb
4020,632adedccee807a8233c1922
2652,632adf54cee807a8233c19e5
507,632adf08cee807a8233c196a
12741,632adebdcee807a8233c18e9
10073,632adececee807a8233c1907
4399,632adf40cee807a8233c19c1
9431,632adf39cee807a8233c19b5
10632,632adf16cee807a8233c197f
8959,632aded5cee807a8233c1916
615,632adf59cee807a8233c19ee
1010,632adedccee807a8233c1922
4665,632adebdcee807a8233c18e9
11917,632adf29cee807a8233c199d
5797,632adee9cee807a8233c1937
7199,632adebecee807a8233c18ec
5715,632adedccee807a8233c1922
5715,632adf10cee807a8233c1976
1732,632adee2cee807a8233c192b
692,632adf56cee807a8233c19e8
3223,632adf42cee807a8233c19c4
10975,632a8f59fc4675ab8ffafbae
12688,632a9442a21ed14a09d9566a
4377,632a95d0a21ed14a09d95673
12884,632aded5cee807a8233c1916
5651,632aba81f65fdabf842911d4
906,632adf58cee807a8233c19eb
5797,632adf02cee807a8233c1961
8484,632adf3bcee807a8233c19b8
11917,632adec5cee807a8233c18f8
9853,632a95d0a21ed14a09d95673
1010,632adececee807a8233c1907
10917,632adefccee807a8233c1958
5014,632adf07cee807a8233c1967
2355,632adec5cee807a8233c18f8
9853,632adf2dcee807a8233c19a3
5805,632adf4acee807a8233c19d3
8484,632adf26cee807a8233c199a
4665,632aded7cee807a8233c1919
8977,632adf31cee807a8233c19a9
9659,632adf2fcee807a8233c19a6
4020,632adeefcee807a8233c1943
10697,632aded7cee807a8233c1919
165,632aded7cee807a8233c1919
8959,632adf2fcee807a8233c19a6
6557,632adf14cee807a8233c197c
9853,632adf2fcee807a8233c19a6
10697,632adf3fcee807a8233c19be
692,632adf54cee807a8233c19e5
7199,632adf3bcee807a8233c19b8
7933,632adf3fcee807a8233c19be
12784,632adeffcee807a8233c195b
10391,632adecccee807a8233c1904
8484,632adec7cee807a8233c18fb
11570,632adf53cee807a8233c19e2
10391,632abed9844b7c5a4192b7ef
9853,632adf58cee807a8233c19eb
6557,632a961ea21ed14a09d95676
13178,632adf0acee807a8233c196d
2656,632adf4fcee807a8233c19dc
615,632ab0e3f65fdabf842911c5
1101,632adef2cee807a8233c1949
12441,632adf16cee807a8233c197f
2355,632adf31cee807a8233c19a9
10073,632adef5cee807a8233c194f
4077,632ab0e3f65fdabf842911c5
5433,632a961ea21ed14a09d95676
4077,632adec0cee807a8233c18ef
5715,632adececee807a8233c1907
10265,632adf00cee807a8233c195e
12987,632adeeccee807a8233c193d
5014,632adf18cee807a8233c1982
2051,632adeffcee807a8233c195b
5797,632adf33cee807a8233c19ac
9431,632a9511a21ed14a09d9566e
3002,632adefccee807a8233c1958
906,632adf26cee807a8233c199a
547,632adf4acee807a8233c19d3
8484,632ab0e3f65fdabf842911c5
3440,632adf3dcee807a8233c19bb
2051,632adec5cee807a8233c18f8
2656,632adf0bcee807a8233c1970
583,632adf02cee807a8233c1961
9333,632adef2cee807a8233c1949
547,632aded4cee807a8233c1913
7258,632adecfcee807a8233c190a
6393,632adf51cee807a8233c19df
11991,632adf3fcee807a8233c19be
1719,632aded4cee807a8233c1913
12884,632adf1ccee807a8233c198b
3343,632adee7cee807a8233c1934
971,632a95d0a21ed14a09d95673
4377,632adf29cee807a8233c199d
2051,632adec3cee807a8233c18f5
9333,632aded9cee807a8233c191c
12720,632adefccee807a8233c1958
6064,632adf51cee807a8233c19df
8977,632adf16cee807a8233c197f
1101,632adee7cee807a8233c1934
1732,632adf12cee807a8233c1979
6557,632adefacee807a8233c1955
12741,632adebdcee807a8233c18e9
7199,63299610908adf01ae3f849c
692,632adf23cee807a8233c1994
1101,632a8f59fc4675ab8ffafbae
7933,632adf10cee807a8233c1976
12441,632a9511a21ed14a09d9566e
507,632adf37cee807a8233c19b2
8378,632aded5cee807a8233c1916
3002,632a9442a21ed14a09d9566a
165,632adf0dcee807a8233c1973
10632,632adf04cee807a8233c1964
3016,632adf16cee807a8233c197f
12741,632adf02cee807a8233c1961
11917,632adefccee807a8233c1958
10697,632aded9cee807a8233c191c
906,632adec7cee807a8233c18fb
11991,632adec0cee807a8233c18ef
3223,632adf14cee807a8233c197c
4399,632adf19cee807a8233c1985
12741,632adf31cee807a8233c19a9
10632,632adecacee807a8233c1901
8977,632adef2cee807a8233c1949
12884,632adf56cee807a8233c19e8
2652,632adf0bcee807a8233c1970
5433,632adf4fcee807a8233c19dc
6393,632a7ef781d1908ea1f60029
12688,632adf31cee807a8233c19a9
3440,632aded7cee807a8233c1919
8959,632aded7cee807a8233c1919
10697,632adf2dcee807a8233c19a3
12720,632adf2dcee807a8233c19a3
3002,632adf4ccee807a8233c19d6
5433,632adf39cee807a8233c19b5
3002,632adeffcee807a8233c195b
9853,632aded9cee807a8233c191c
8484,632adf58cee807a8233c19eb
8733,632adec5cee807a8233c18f8
12987,632aded2cee807a8233c1910
9302,632adedbcee807a8233c191f
4093,632adf14cee807a8233c197c
10697,632adee9cee807a8233c1937
906,632adf1bcee807a8233c1988
12987,632adf4ecee807a8233c19d9
10073,632a7ef781d1908ea1f60029
8378,632aded1cee807a8233c190d
692,632adedccee807a8233c1922
1422,632adec5cee807a8233c18f8
1010,632ab0e3f65fdabf842911c5
9431,632adf14cee807a8233c197c
5433,632adf2bcee807a8233c19a0
10975,632adf4acee807a8233c19d3
10391,632adf2bcee807a8233c19a0
5651,632a7ef781d1908ea1f60029
10265,632adf4ccee807a8233c19d6
1010,632ab0e3f65fdabf842911c5
1811,632adf33cee807a8233c19ac
615,632adf3dcee807a8233c19bb
2656,632adefacee807a8233c1955
8977,632adedecee807a8233c1925
4377,632adf33cee807a8233c19ac
615,632adf59cee807a8233c19ee
5391,632adec7cee807a8233c18fb
971,632ab0e3f65fdabf842911c5
547,632adf12cee807a8233c1979
4665,632adeffcee807a8233c195b
5715,632adf44cee807a8233c19c7
11570,632aacf3f65fdabf842911b9
9097,63299610908adf01ae3f849c
6393,632aba81f65fdabf842911d4
12987,632adec9cee807a8233c18fe
4020,632adefacee807a8233c1955
6099,632adf37cee807a8233c19b2
10391,632adf37cee807a8233c19b2
11917,632adf23cee807a8233c1994
1010,632abed9844b7c5a4192b7ef
4399,632adf12cee807a8233c1979
547,632adf24cee807a8233c1997
7199,632adf3bcee807a8233c19b8
10632,632adf18cee807a8233c1982
10265,632adf4ecee807a8233c19d9
8378,632adf19cee807a8233c1985
5343,632adf49cee807a8233c19d0
5805,632adec5cee807a8233c18f8
10073,632add51844b7c5a4192b7f5
1719,632adf40cee807a8233c19c1
9333,632adf0acee807a8233c196d
5391,632adee4cee807a8233c192e
9431,632adf3bcee807a8233c19b8
4200,632a961ea21ed14a09d95676
5797,632adf42cee807a8233c19c4
6064,632adf4ccee807a8233c19d6
13178,632adf37cee807a8233c19b2
507,632adf47cee807a8233c19cd
5797,632adef4cee807a8233c194c
1719,632ab0e3f65fdabf842911c5
2051,632aacf3f65fdabf842911b9
5391,632adf24cee807a8233c1997
4077,632adee5cee807a8233c1931
3223,632adf3bcee807a8233c19b8
8484,632adec9cee807a8233c18fe
1496,632adf00cee807a8233c195e
7258,632adf1ccee807a8233c198b
6064,632adf4acee807a8233c19d3
12741,632adf0acee807a8233c196d
10265,632adeffcee807a8233c195b
547,632adef1cee807a8233c1946
3223,632aded5cee807a8233c1916
4665,632abed9844b7c5a4192b7ef
906,632adf0bcee807a8233c1970
583,632adefccee807a8233c1958
8484,632adf58cee807a8233c19eb
9302,632adf3fcee807a8233c19be
1732,632adefccee807a8233c1958
1811,632adf54cee807a8233c19e5
10391,632aded9cee807a8233c191c
5797,632adef4cee807a8233c194c
10917,632adedccee807a8233c1922
4665,632adecfcee807a8233c190a
1010,632a7ef781d1908ea1f60029
4377,632adee9cee807a8233c1937
13178,632adf4ccee807a8233c19d6
4020,632adf3dcee807a8233c19bb
8484,632adefacee807a8233c1955
1496,632adf59cee807a8233c19ee
1496,632adedccee807a8233c1922
1101,632adf02cee807a8233c1961
9431,632aded7cee807a8233c1919
1719,632adee9cee807a8233c1937
6393,632adf49cee807a8233c19d0
10697,632adf33cee807a8233c19ac
1010,632adf58cee807a8233c19eb
4399,632adf0bcee807a8233c1970
10391,632adebecee807a8233c18ec
4020,632adec2cee807a8233c18f2
10265,632adeffcee807a8233c195b
1732,632adf39cee807a8233c19b5
4020,632a95d0a21ed14a09d95673
12441,632aded1cee807a8233c190d
10265,632abed9844b7c5a4192b7ef
13178,632adf45cee807a8233c19ca
12916,632adf4fcee807a8233c19dc
2355,632adeffcee807a8233c195b
5651,632adedccee807a8233c1922
3343,632adeefcee807a8233c1943
12720,632adebecee807a8233c18ec
12688,632adef4cee807a8233c194c
4093,632a95d0a21ed14a09d95673
2652,632adf3fcee807a8233c19be
12741,632adec3cee807a8233c18f5
5014,632aa86582279ebcd69d3c54
971,632adec5cee807a8233c18f8
6099,632adf47cee807a8233c19cd
4399,632adeedcee807a8233c1940
3016,632adf1bcee807a8233c1988
10391,632a961ea21ed14a09d95676
10391,632aa86582279ebcd69d3c54
8484,632adec0cee807a8233c18ef
9302,632adecacee807a8233c1901
4665,632adecccee807a8233c1904
971,632adf2bcee807a8233c19a0
4665,632adf1fcee807a8233c198e
9853,632adefacee807a8233c1955
547,632add51844b7c5a4192b7f5
3223,632adf24cee807a8233c1997
12916,632adf2fcee807a8233c19a6
11917,632adf26cee807a8233c199a
3343,632adebdcee807a8233c18e9
507,632adf19cee807a8233c1985
7199,632adeeacee807a8233c193a
9097,632adf3fcee807a8233c19be
3343,632adf16cee807a8233c197f
12741,632adeeccee807a8233c193d
12741,632adf10cee807a8233c1976
3002,632adf14cee807a8233c197c
8733,632adf40cee807a8233c19c1
3002,632a9442a21ed14a09d9566a
906,632adf0acee807a8233c196d
8977,632adf14cee807a8233c197c
5805,632adf51cee807a8233c19df
5014,632adebdcee807a8233c18e9
11991,632aa86582279ebcd69d3c54
6393,632adf18cee807a8233c1982
547,632adf4ccee807a8233c19d6
6557,632adf07cee807a8233c1967
7258,632adf3dcee807a8233c19bb
2656,632adf37cee807a8233c19b2
5343,632adf53cee807a8233c19e2
12441,632adf44cee807a8233c19c7
12987,632adec5cee807a8233c18f8
507,632adebecee807a8233c18ec
5715,632adf3bcee807a8233c19b8
9659,632adf02cee807a8233c1961
5433,632adf56cee807a8233c19e8
4665,632aded9cee807a8233c191c
5014,632adf40cee807a8233c19c1
1422,632adf4fcee807a8233c19dc
165,632adec7cee807a8233c18fb
3440,632adf16cee807a8233c197f
9853,632adf26cee807a8233c199a
12720,632adf31cee807a8233c19a9
4020,632adf37cee807a8233c19b2
9853,632adec2cee807a8233c18f2
1010,632adf29cee807a8233c199d
5715,632adf04cee807a8233c1964
507,632adecfcee807a8233c190a
2969,632adef5cee807a8233c194f
10917,632adec7cee807a8233c18fb
8733,632adf2fcee807a8233c19a6
4399,632adf19cee807a8233c1985
7199,632adf31cee807a8233c19a9
12884,632adf59cee807a8233c19ee
10265,632adf07cee807a8233c1967
507,632adebdcee807a8233c18e9
12784,632adef1cee807a8233c1946
2652,632adf00cee807a8233c195e
10632,632aded1cee807a8233c190d
8959,632adf02cee807a8233c1961
7933,632adef2cee807a8233c1949
6393,632adf1bcee807a8233c1988
6393,632adf1bcee807a8233c1988
6557,632adf24cee807a8233c1997
11917,632adf3bcee807a8233c19b8
1732,632adf10cee807a8233c1976
1719,632add51844b7c5a4192b7f5
4665,632adf1fcee807a8233c198e
4377,632adf4ccee807a8233c19d6
10073,632adedccee807a8233c1922
3002,632adedccee807a8233c1922
12441,632adf44cee807a8233c19c7
1422,632adecacee807a8233c1901
3016,632adf59cee807a8233c19ee
906,632adeffcee807a8233c195b
9659,632adf04cee807a8233c1964
692,632adeeccee807a8233c193d
2652,632adf2bcee807a8233c19a0
12441,632adf16cee807a8233c197f
1719,632adf49cee807a8233c19d0
2355,632adeeacee807a8233c193a
10917,632aa86582279ebcd69d3c54
12884,632adf58cee807a8233c19eb
12784,632abed9844b7c5a4192b7ef
4399,632adeeccee807a8233c193d
8977,632a95d0a21ed14a09d95673
8484,632aded9cee807a8233c191c
692,632adedccee807a8233c1922
507,632adf1bcee807a8233c1988
1422,632aded9cee807a8233c191c
5391,632adf2dcee807a8233c19a3
3303,632adf33cee807a8233c19ac
4200,632adf00cee807a8233c195e
3016,632adf3dcee807a8233c19bb
5391,632adf2dcee807a8233c19a3
10975,632adf18cee807a8233c1982
11917,63299610908adf01ae3f849c
12784,632adeefcee807a8233c1943
12987,632adf44cee807a8233c19c7
6557,632a7ef781d1908ea1f60029
10975,632adf37cee807a8233c19b2
906,632adf2fcee807a8233c19a6
9097,632adee2cee807a8233c192b
1422,632adf47cee807a8233c19cd
6064,632adf45cee807a8233c19ca
2355,632aded9cee807a8233c191c
1010,632adec9cee807a8233c18fe
11570,632adf53cee807a8233c19e2
4377,632adef5cee807a8233c194f
9853,632adf0acee807a8233c196d
12441,632adf56cee807a8233c19e8
9302,632adf59cee807a8233c19ee
3002,632adf35cee807a8233c19af
4665,632a9511a21ed14a09d9566e
8977,632adee7cee807a8233c1934
3223,632adf29cee807a8233c199d
1496,632adf07cee807a8233c1967
9853,632adf23cee807a8233c1994
615,632adf4ecee807a8233c19d9
10265,632adf16cee807a8233c197f
8733,632adf00cee807a8233c195e
4093,632adebecee807a8233c18ec
12916,632adf40cee807a8233c19c1
4093,632adee9cee807a8233c1937
12688,632adebecee807a8233c18ec
8959,632add51844b7c5a4192b7f5
7933,632adf2fcee807a8233c19a6
583,632adec3cee807a8233c18f5
3016,632a9442a21ed14a09d9566a
9097,632adf0bcee807a8233c1970
1732,632adf1bcee807a8233c1988
1732,632aded7cee807a8233c1919
8733,632aba81f65fdabf842911d4
2969,632adee9cee807a8233c1937
1496,632adf02cee807a8233c1961
971,632adec5cee807a8233c18f8
12688,632adecacee807a8233c1901
2355,632adeffcee807a8233c195b
547,632adedfcee807a8233c1928
5391,632adf08cee807a8233c196a
12720,632adf0acee807a8233c196d
4200,632adf3fcee807a8233c19be
12884,632adec9cee807a8233c18fe
5391,632adf3fcee807a8233c19be
4399,632adf31cee807a8233c19a9
6064,632adf2bcee807a8233c19a0
12784,632aded7cee807a8233c1919
6064,632adee4cee807a8233c192e
165,632adf1bcee807a8233c1988
10917,632adf47cee807a8233c19cd
5433,632adec7cee807a8233c18fb
4077,632aba81f65fdabf842911d4
1811,632adeeacee807a8233c193a
9853,632adf37cee807a8233c19b2
615,632adec7cee807a8233c18fb
10632,632adf35cee807a8233c19af
6064,632adf3dcee807a8233c19bb
10917,632adf3bcee807a8233c19b8
7933,632adefacee807a8233c1955
1719,632adf08cee807a8233c196a
8378,632adee2cee807a8233c192b
13178,632adf1bcee807a8233c1988
165,632adf21cee807a8233c1991
692,632adf40cee807a8233c19c1
2051,632add51844b7c5a4192b7f5
7199,632a9511a21ed14a09d9566e
1010,632adebecee807a8233c18ec
11917,632adec7cee807a8233c18fb
9853,632adef4cee807a8233c194c
3002,632adeffcee807a8233c195b
12720,632adf47cee807a8233c19cd
11991,632adf23cee807a8233c1994
12916,632adf45cee807a8233c19ca
7199,632adee2cee807a8233c192b
1496,632adf0dcee807a8233c1973
12720,632adecccee807a8233c1904
2969,632adf18cee807a8233c1982
6393,632adf31cee807a8233c19a9
12784,632adf2dcee807a8233c19a3
2355,632adf51cee807a8233c19df
8378,632adef4cee807a8233c194c
12688,632adf12cee807a8233c1979
11570,632adf26cee807a8233c199a
9302,632adee7cee807a8233c1934
10975,632adf18cee807a8233c1982
2355,632aded2cee807a8233c1910
9853,632adebecee807a8233c18ec
11917,632adeedcee807a8233c1940
9853,632adef4cee807a8233c194c
10073,632adf08cee807a8233c196a
8977,632adf35cee807a8233c19af
1496,632adeedcee807a8233c1940
1422,632aacf3f65fdabf842911b9
2969,632adebecee807a8233c18ec
9302,632adeffcee807a8233c195b
12884,632adf31cee807a8233c19a9
2051,632aba81f65fdabf842911d4
9333,632adf40cee807a8233c19c1
4020,632adef7cee807a8233c1952
6099,632adf07cee807a8233c1967
2652,632adf49cee807a8233c19d0
6064,632adf4acee807a8233c19d3
1101,632adf21cee807a8233c1991
1732,632adf51cee807a8233c19df
5715,632adec3cee807a8233c18f5
4093,632adf44cee807a8233c19c7
2656,632adee2cee807a8233c192b
2355,632adf2fcee807a8233c19a6
9853,632adf3bcee807a8233c19b8
12916,632adecccee807a8233c1904
4200,632adf16cee807a8233c197f
4020,632adebecee807a8233c18ec
12720,632adf2fcee807a8233c19a6
3223,632adebecee807a8233c18ec
1422,632adf53cee807a8233c19e2
3440,632adecfcee807a8233c190a
507,632adf33cee807a8233c19ac
3223,632adebdcee807a8233c18e9
615,632adf45cee807a8233c19ca
6557,632aded7cee807a8233c1919
8484,632aded1cee807a8233c190d
1811,632adec2cee807a8233c18f2
3016,632adee9cee807a8233c1937
9659,632adee5cee807a8233c1931
971,632adf08cee807a8233c196a
615,632adee2cee807a8233c192b
12441,632adf29cee807a8233c199d
4077,632a8f59fc4675ab8ffafbae
9431,632adeeccee807a8233c193d
7199,632a8f59fc4675ab8ffafbae
5433,632adf40cee807a8233c19c1
971,632adf1ccee807a8233c198b
4093,632adee4cee807a8233c192e
1101,632adf04cee807a8233c1964
6393,632a9442a21ed14a09d9566a
4399,632aacf3f65fdabf842911b9
3303,632adf0bcee807a8233c1970
6099,632adf21cee807a8233c1991
6099,632adf24cee807a8233c1997
692,632adf00cee807a8233c195e
12741,632a8f59fc4675ab8ffafbae
10073,632aded7cee807a8233c1919
12916,632adf51cee807a8233c19df
10697,632adf26cee807a8233c199a
1732,632adf4ecee807a8233c19d9
12441,632adf4ecee807a8233c19d9
3440,632a95d0a21ed14a09d95673
5797,632adf21cee807a8233c1991
165,632adf58cee807a8233c19eb
8378,632adf35cee807a8233c19af
2969,632adf4fcee807a8233c19dc
2051,632adefccee807a8233c1958
4077,632adee5cee807a8233c1931
9431,632a9442a21ed14a09d9566a
2355,632adf18cee807a8233c1982
1496,632adf0bcee807a8233c1970
10073,632adef1cee807a8233c1946
7933,632adf0bcee807a8233c1970
12987,632adef7cee807a8233c1952
10975,632adf31cee807a8233c19a9
6393,632adf58cee807a8233c19eb
692,632adf21cee807a8233c1991
3016,632adf2dcee807a8233c19a3
583,632adf3dcee807a8233c19bb
692,632adec9cee807a8233c18fe
583,632adefacee807a8233c1955
5651,632adececee807a8233c1907
4399,632adf42cee807a8233c19c4
10391,632adeefcee807a8233c1943
9853,632adee7cee807a8233c1934
9853,632adf23cee807a8233c1994
12916,632ab0e3f65fdabf842911c5
9302,632adf56cee807a8233c19e8
12741,632adee2cee807a8233c192b
8977,632adf2fcee807a8233c19a6
1101,632adf0bcee807a8233c1970
6099,632aded9cee807a8233c191c
1811,632adefccee807a8233c1958
165,632aacf3f65fdabf842911b9
11570,632adf21cee807a8233c1991
906,632aded4cee807a8233c1913
11991,632adf47cee807a8233c19cd
8733,632aacf3f65fdabf842911b9
165,632adf4fcee807a8233c19dc
8378,632adf21cee807a8233c1991
8733,632adf3bcee807a8233c19b8
12441,632adf3bcee807a8233c19b8
13178,632adef5cee807a8233c194f
6557,632adec0cee807a8233c18ef
5651,632adf4acee807a8233c19d3
4377,632aded9cee807a8233c191c
1101,632adef1cee807a8233c1946
5797,632adf2fcee807a8233c19a6
12987,632abed9844b7c5a4192b7ef
9431,632adf1bcee807a8233c1988
8733,632aded1cee807a8233c190d
3343,632adee9cee807a8233c1937
615,632aded1cee807a8233c190d
12784,632adeefcee807a8233c1943
9333,632adf14cee807a8233c197c
11991,632adf49cee807a8233c19d0
6557,632adf2bcee807a8233c19a0
6099,632adf2fcee807a8233c19a6
7199,632adf40cee807a8233c19c1
165,632ab0e3f65fdabf842911c5
906,632adf29cee807a8233c199d
12987,632adefacee807a8233c1955
9097,632adf0bcee807a8233c1970
8959,632abed9844b7c5a4192b7ef
10265,632adf21cee807a8233c1991
6393,632adf0dcee807a8233c1973
7199,632aded1cee807a8233c190d
3303,632adf19cee807a8233c1985
10391,632adf19cee807a8233c1985
3343,632adef5cee807a8233c194f
9659,632a8f59fc4675ab8ffafbae
2051,632adf21cee807a8233c1991
3303,632adef1cee807a8233c1946
5343,632adf33cee807a8233c19ac
3303,632adf0dcee807a8233c1973
547,632adeeacee807a8233c193a
12441,632adf2dcee807a8233c19a3
165,632adf3bcee807a8233c19b8
4093,632adf02cee807a8233c1961
507,632adeeacee807a8233c193a
165,632adedbcee807a8233c191f
12916,632adf1bcee807a8233c1988
4020,632adedccee807a8233c1922
5014,632adf44cee807a8233c19c7
9853,632adf24cee807a8233c1997
692,632adf00cee807a8233c195e
4399,632aded9cee807a8233c191c
7933,632adf40cee807a8233c19c1
9302,632aded4cee807a8233c1913
12688,632adee4cee807a8233c192e
583,63299610908adf01ae3f849c
971,632adef5cee807a8233c194f
2051,632adedecee807a8233c1925
5797,632adf44cee807a8233c19c7
6393,632aba81f65fdabf842911d4
1719,632adf42cee807a8233c19c4
4093,632adf12cee807a8233c1979
12884,632adf3fcee807a8233c19be
6557,632aded7cee807a8233c1919
8484,632adec0cee807a8233c18ef
1732,632adf39cee807a8233c19b5
1811,632adec2cee807a8233c18f2
9853,632adec5cee807a8233c18f8
5343,632adf14cee807a8233c197c
11917,632adf1ccee807a8233c198b
8733,632adf58cee807a8233c19eb
4665,632adf4ccee807a8233c19d6
3343,632adf18cee807a8233c1982
12741,632adf49cee807a8233c19d0
5014,632a961ea21ed14a09d95676
4200,632adebecee807a8233c18ec
2652,632a961ea21ed14a09d95676
10632,632adf3dcee807a8233c19bb
2656,632adec9cee807a8233c18fe
5651,632a961ea21ed14a09d95676
12441,632abed9844b7c5a4192b7ef
1101,632adee9cee807a8233c1937
10265,632adf10cee807a8233c1976
8378,632adf45cee807a8233c19ca
5014,632adf44cee807a8233c19c7
2656,632adef1cee807a8233c1946
12916,632a95d0a21ed14a09d95673
2051,632adf0acee807a8233c196d
3343,632adeefcee807a8233c1943
6064,632adf2dcee807a8233c19a3
7933,632adf51cee807a8233c19df
9333,632adf23cee807a8233c1994
507,632adef1cee807a8233c1946
4665,632adf53cee807a8233c19e2
5651,632adf07cee807a8233c1967
3016,632adf2fcee807a8233c19a6
10632,632adf18cee807a8233c1982
2656,632adef5cee807a8233c194f
9302,632adf14cee807a8233c197c
5433,632adf29cee807a8233c199d
3343,632adedecee807a8233c1925
1496,632adf2bcee807a8233c19a0
9853,632a8f59fc4675ab8ffafbae
3016,632adf3bcee807a8233c19b8
5805,632adec0cee807a8233c18ef
5391,632adf2bcee807a8233c19a0
906,632adf33cee807a8233c19ac
10391,632a9511a21ed14a09d9566e
10632,632ab0e3f65fdabf842911c5
11991,632adf3dcee807a8233c19bb
5433,632adececee807a8233c1907
1732,632adec0cee807a8233c18ef
8378,632adececee807a8233c1907
5805,632adf4acee807a8233c19d3
4399,632adf44cee807a8233c19c7
5805,632adf21cee807a8233c1991
8733,632adf49cee807a8233c19d0
10073,632a7ef781d1908ea1f60029
1719,632adef1cee807a8233c1946
906,632adefccee807a8233c1958
10975,632adf1ccee807a8233c198b
12916,632adebecee807a8233c18ec
547,632adf12cee807a8233c1979
8977,632adf29cee807a8233c199d
13178,632aacf3f65fdabf842911b9
3002,632adf47cee807a8233c19cd
6099,632adf47cee807a8233c19cd
12688,632adec0cee807a8233c18ef
1719,632adec0cee807a8233c18ef
906,632adef4cee807a8233c194c
11570,632adf56cee807a8233c19e8
1010,632adf21cee807a8233c1991
6393,632aded7cee807a8233c1919
2051,632adee9cee807a8233c1937
2355,632adf51cee807a8233c19df
12784,632aacf3f65fdabf842911b9
6557,632adf3fcee807a8233c19be
583,632adf3dcee807a8233c19bb
9097,632aba81f65fdabf842911d4
5014,632adf31cee807a8233c19a9
165,632adf07cee807a8233c1967
11917,632adf37cee807a8233c19b2
5715,632adf3dcee807a8233c19bb
9333,632adec2cee807a8233c18f2
9659,632adecacee807a8233c1901
9853,632adf4ccee807a8233c19d6
6099,632adedccee807a8233c1922
12884,632adecacee807a8233c1901
4077,632a95d0a21ed14a09d95673
12441,632a95d0a21ed14a09d95673
9097,632abed9844b7c5a4192b7ef
10073,632adf0bcee807a8233c1970
583,632adf0bcee807a8233c1970
6099,632adecccee807a8233c1904
2652,632adf4ecee807a8233c19d9
615,632add51844b7c5a4192b7f5
1719,632adf29cee807a8233c199d
6099,632aded9cee807a8233c191c
10265,632adeedcee807a8233c1940
5014,632adee5cee807a8233c1931
5014,632adf1bcee807a8233c1988
4399,632adec7cee807a8233c18fb
4200,632adf14cee807a8233c197c
3016,632adf45cee807a8233c19ca
10391,632adef5cee807a8233c194f
11991,632adedccee807a8233c1922
8484,632adee4cee807a8233c192e
3303,632adf44cee807a8233c19c7
507,632adf02cee807a8233c1961
4665,632adf0bcee807a8233c1970
5014,632aa86582279ebcd69d3c54
165,632adf53cee807a8233c19e2
10632,632adf33cee807a8233c19ac
9431,632adebecee807a8233c18ec
1496,632adf24cee807a8233c1997
10632,632adf23cee807a8233c1994
4020,632adecacee807a8233c1901
3440,632adf3dcee807a8233c19bb
4399,632add51844b7c5a4192b7f5
5343,632adf47cee807a8233c19cd
10073,632adebdcee807a8233c18e9
9659,632adee4cee807a8233c192e
6064,632adf02cee807a8233c1961
3016,632aded5cee807a8233c1916
971,632adf1bcee807a8233c1988
5715,632adee2cee807a8233c192b
615,632adecacee807a8233c1901
507,632adebecee807a8233c18ec
12784,632adedccee807a8233c1922
10632,632adf0dcee807a8233c1973
7933,632a9442a21ed14a09d9566a
1496,632adf3fcee807a8233c19be
507,632adec5cee807a8233c18f8
1732,632adf18cee807a8233c1982
9302,632adf10cee807a8233c1976
4665,632adf3dcee807a8233c19bb
10073,632adf0acee807a8233c196d
5715,632adf35cee807a8233c19af
5343,632adf53cee807a8233c19e2
5805,632adebdcee807a8233c18e9
5715,632adedbcee807a8233c191f
4377,632adf0bcee807a8233c1970
3223,632aded4cee807a8233c1913
8959,632adf26cee807a8233c199a
12916,632a9511a21ed14a09d9566e
12741,632adf39cee807a8233c19b5
5715,632adedfcee807a8233c1928
8378,632a9442a21ed14a09d9566a
692,632adecccee807a8233c1904
12741,632adee5cee807a8233c1931
5343,632a9442a21ed14a09d9566a
11570,632adf53cee807a8233c19e2
4399,632adf19cee807a8233c1985
5014,632adf2dcee807a8233c19a3
5433,632adef5cee807a8233c194f
3223,632aded9cee807a8233c191c
4377,632adf35cee807a8233c19af
10975,632adee2cee807a8233c192b
3440,632adf0acee807a8233c196d
8484,632adf58cee807a8233c19eb
12987,632adefccee807a8233c1958
4077,632aded2cee807a8233c1910
3223,632adef1cee807a8233c1946
7199,632aded9cee807a8233c191c
8378,632adecacee807a8233c1901
11991,632adf23cee807a8233c1994
3343,632adf19cee807a8233c1985
5014,632adef1cee807a8233c1946
1719,632ab0e3f65fdabf842911c5
12720,632adf54cee807a8233c19e5
9097,632adf33cee807a8233c19ac
2051,632adee7cee807a8233c1934
8484,632adf12cee807a8233c1979
9431,632adec2cee807a8233c18f2
10975,632adedccee807a8233c1922
5343,632adf1ccee807a8233c198b
5433,63299610908adf01ae3f849c
2051,632adec7cee807a8233c18fb
2969,632adf02cee807a8233c1961
1732,632adec0cee807a8233c18ef
6557,632aacf3f65fdabf842911b9
10265,632adf29cee807a8233c199d
8977,632aba81f65fdabf842911d4
3002,63299610908adf01ae3f849c
5343,632adf04cee807a8233c1964
4093,632add51844b7c5a4192b7f5
8959,632adf00cee807a8233c195e
1010,632adf0acee807a8233c196d
971,632adf24cee807a8233c1997
9302,632adec2cee807a8233c18f2
12688,632adf4ecee807a8233c19d9
10073,632adedccee807a8233c1922
5651,632adf0acee807a8233c196d
1101,632adf4ccee807a8233c19d6
8378,632aded4cee807a8233c1913
5343,632aded7cee807a8233c1919
3440,632a961ea21ed14a09d95676
4093,632aba81f65fdabf842911d4
8378,632aded7cee807a8233c1919
3016,632adef2cee807a8233c1949
2051,632adf10cee807a8233c1976
6064,632adecfcee807a8233c190a
615,632adf31cee807a8233c19a9
692,632adf07cee807a8233c1967
10391,632adf26cee807a8233c199a
165,632adf4ccee807a8233c19d6
9659,632adedfcee807a8233c1928
2051,632adecccee807a8233c1904
547,632aded2cee807a8233c1910
5433,632adf4fcee807a8233c19dc
5433,632adebecee807a8233c18ec
583,632adf10cee807a8233c1976
12720,632adf0dcee807a8233c1973
1422,632a9442a21ed14a09d9566a
3002,632abed9844b7c5a4192b7ef
692,632adf40cee807a8233c19c1
5014,632adf45cee807a8233c19ca
8959,632adebdcee807a8233c18e9
5391,632adeefcee807a8233c1943
10697,632adee7cee807a8233c1934
1101,632adebecee807a8233c18ec
1010,632adf1ccee807a8233c198b
12441,632adec5cee807a8233c18f8
10073,632a9511a21ed14a09d9566e
5797,632adef4cee807a8233c194c
4093,632a9442a21ed14a09d9566a
5343,632adf3fcee807a8233c19be
9853,632adf07cee807a8233c1967
8733,63299610908adf01ae3f849c
13178,632adedfcee807a8233c1928
2355,632adee9cee807a8233c1937
1010,632aded2cee807a8233c1910
3002,632adf1fcee807a8233c198e
1732,632adf23cee807a8233c1994
7258,632aa86582279ebcd69d3c54
6557,632adf35cee807a8233c19af
11917,632adf3dcee807a8233c19bb
507,632adf4ccee807a8233c19d6
2051,632adf3fcee807a8233c19be
12916,632adef2cee807a8233c1949
5391,632adf40cee807a8233c19c1
10391,632adf4fcee807a8233c19dc
4399,632adf39cee807a8233c19b5
12916,632adf3dcee807a8233c19bb
11917,632adf00cee807a8233c195e
615,632adf58cee807a8233c19eb
4377,632adeefcee807a8233c1943
12441,632abed9844b7c5a4192b7ef
8959,632adf2fcee807a8233c19a6
10632,632adf45cee807a8233c19ca
12741,632adf2bcee807a8233c19a0
3303,632adf24cee807a8233c1997
583,632adee9cee807a8233c1937
6099,632adf56cee807a8233c19e8
971,632adeefcee807a8233c1943
3440,632aded2cee807a8233c1910
1422,632adf1ccee807a8233c198b
3223,632adf31cee807a8233c19a9
971,632adf08cee807a8233c196a
583,632adf2fcee807a8233c19a6
10975,632adec2cee807a8233c18f2
6099,632adf35cee807a8233c19af
12441,632adf4acee807a8233c19d3
2355,632adef4cee807a8233c194c
1732,632adedecee807a8233c1925
1732,632adec7cee807a8233c18fb
4665,632adf14cee807a8233c197c
906,632adf04cee807a8233c1964
1422,632adf14cee807a8233c197c
8977,632adf29cee807a8233c199d
5391,632adf23cee807a8233c1994
2051,632adee7cee807a8233c1934
4093,632a7ef781d1908ea1f60029
6064,632adf2dcee807a8233c19a3
10265,632aa86582279ebcd69d3c54
4377,632adf51cee807a8233c19df
4665,632adef5cee807a8233c194f
9431,632adf44cee807a8233c19c7
165,632a7ef781d1908ea1f60029
4665,632adf1fcee807a8233c198e
9097,632aa86582279ebcd69d3c54
1719,632adf04cee807a8233c1964
3016,632adf3dcee807a8233c19bb
9853,632a961ea21ed14a09d95676
2051,632adec2cee807a8233c18f2
11991,632adf44cee807a8233c19c7
12784,632a9511a21ed14a09d9566e
12441,632adf49cee807a8233c19d0
1496,632aded2cee807a8233c1910
5343,632aded7cee807a8233c1919
12784,632adf4ecee807a8233c19d9
5651,632adf21cee807a8233c1991
906,632adececee807a8233c1907
4093,632adf24cee807a8233c1997
11991,632adf1bcee807a8233c1988
692,632adf18cee807a8233c1982
9853,632adee2cee807a8233c192b
13178,632adee5cee807a8233c1931
9302,632adf56cee807a8233c19e8
5433,632adf40cee807a8233c19c1
11917,632adedecee807a8233c1925
5014,632adf10cee807a8233c1976
7199,63299610908adf01ae3f849c
5805,632adf37cee807a8233c19b2
12741,632adf47cee807a8233c19cd
12741,632adf14cee807a8233c197c
11570,63299610908adf01ae3f849c
4077,632adf24cee807a8233c1997
12884,632aacf3f65fdabf842911b9
547,632adef7cee807a8233c1952
1811,632adee5cee807a8233c1931
13178,63299610908adf01ae3f849c
583,632aacf3f65fdabf842911b9
5805,632adf2fcee807a8233c19a6
10391,632adecfcee807a8233c190a
13178,632adf0dcee807a8233c1973
5391,632adf10cee807a8233c1976
7258,632adf04cee807a8233c1964
3223,632adf2fcee807a8233c19a6
9097,632adee7cee807a8233c1934
1811,632adefacee807a8233c1955
4077,632adf33cee807a8233c19ac
1422,632aded5cee807a8233c1916
9333,632adf0dcee807a8233c1973
3002,632adedccee807a8233c1922
1496,632aded2cee807a8233c1910
1732,632adedccee807a8233c1922
6064,632adf4fcee807a8233c19dc
9302,632a7ef781d1908ea1f60029
12884,632adec7cee807a8233c18fb
11570,632a7ef781d1908ea1f60029
9853,632adefacee807a8233c1955
5391,632aded1cee807a8233c190d
5651,632adefacee807a8233c1955
8484,632aba81f65fdabf842911d4
1010,632adf53cee807a8233c19e2
7258,632adebecee807a8233c18ec
507,632adf56cee807a8233c19e8
12884,632adf26cee807a8233c199a
2652,632adf1fcee807a8233c198e
2051,632adeeacee807a8233c193a
13178,632adef5cee807a8233c194f
12441,632adf40cee807a8233c19c1
547,632adf2dcee807a8233c19a3
10632,632a9442a21ed14a09d9566a
9853,632adf23cee807a8233c1994
1010,632adec9cee807a8233c18fe
2969,632adf44cee807a8233c19c7
7933,632adecfcee807a8233c190a
4020,632adf16cee807a8233c197f
5343,632adec2cee807a8233c18f2
5805,632aded7cee807a8233c1919
5715,632adf26cee807a8233c199a
3303,632adf54cee807a8233c19e5
9853,632adee5cee807a8233c1931
10697,632adf4ccee807a8233c19d6
5433,632aacf3f65fdabf842911b9
11991,632adee5cee807a8233c1931
4377,632adef1cee807a8233c1946
7199,632adf58cee807a8233c19eb
5651,632adf18cee807a8233c1982
9302,632add51844b7c5a4192b7f5
9431,632adf54cee807a8233c19e5
10391,632add51844b7c5a4192b7f5
10917,632adf29cee807a8233c199d
12688,632adefacee807a8233c1955
1496,632aba81f65fdabf842911d4
4665,632adec3cee807a8233c18f5
1422,632adf37cee807a8233c19b2
4399,632a9442a21ed14a09d9566a
10975,632adee2cee807a8233c192b
10917,632adedecee807a8233c1925
12441,632adf1bcee807a8233c1988
7258,632adebecee807a8233c18ec
11917,632adf1ccee807a8233c198b
4399,632aacf3f65fdabf842911b9
13178,632adf29cee807a8233c199d
10917,632adefccee807a8233c1958
5343,632a8f59fc4675ab8ffafbae
9853,632adf4acee807a8233c19d3
1732,632adf56cee807a8233c19e8
6064,632adedfcee807a8233c1928
4020,632adef4cee807a8233c194c
8977,632adf10cee807a8233c1976
165,632adf47cee807a8233c19cd
971,632adf18cee807a8233c1982
12784,632adf51cee807a8233c19df
2969,632adf19cee807a8233c1985
583,632adee5cee807a8233c1931
1422,632adf3fcee807a8233c19be
5433,632adf35cee807a8233c19af
12741,632adeefcee807a8233c1943
11991,632a9442a21ed14a09d9566a
12987,632a7ef781d1908ea1f60029
13178,632a9511a21ed14a09d9566e
10697,632a9511a21ed14a09d9566e
1101,632adf54cee807a8233c19e5
9302,632adee9cee807a8233c1937
4020,632adf04cee807a8233c1964
9431,632adec3cee807a8233c18f5
5715,632adf2bcee807a8233c19a0
12916,632aded2cee807a8233c1910
2652,632adf07cee807a8233c1967
2969,632adee9cee807a8233c1937
2656,632adee5cee807a8233c1931
2355,632adee9cee807a8233c1937
10697,632adf0dcee807a8233c1973
4020,632adf4ecee807a8233c19d9
7199,632adf18cee807a8233c1982
9097,632adf59cee807a8233c19ee
1719,632adef4cee807a8233c194c
11991,632add51844b7c5a4192b7f5
12688,632adec9cee807a8233c18fe
12784,632adf49cee807a8233c19d0
1422,632adf59cee807a8233c19ee
12884,632adee2cee807a8233c192b
5651,632adf4ecee807a8233c19d9
10632,632adf3dcee807a8233c19bb
12688,632adef4cee807a8233c194c
4200,632adee4cee807a8233c192e
4077,632adf04cee807a8233c1964
5391,632adf35cee807a8233c19af
13178,632adf1fcee807a8233c198e
5805,632aacf3f65fdabf842911b9
9097,632adecacee807a8233c1901
8733,632adf26cee807a8233c199a
12916,632adee9cee807a8233c1937
10073,632a9442a21ed14a09d9566a
10632,632adf18cee807a8233c1982
4377,632adedfcee807a8233c1928
11570,632adecccee807a8233c1904
12688,632adf49cee807a8233c19d0
3303,632adeffcee807a8233c195b
9431,632adf2bcee807a8233c19a0
2969,632adeedcee807a8233c1940
11991,632adecccee807a8233c1904
2355,632a8f59fc4675ab8ffafbae
6064,632adf1fcee807a8233c198e
4200,632adf0acee807a8233c196d
1422,632a9511a21ed14a09d9566e
3016,632adf51cee807a8233c19df
10975,632adf45cee807a8233c19ca
547,632adecccee807a8233c1904
11917,632ab0e3f65fdabf842911c5
3002,632adf3fcee807a8233c19be
12916,632adecfcee807a8233c190a
2969,632adef5cee807a8233c194f
1811,632adedecee807a8233c1925
1719,632adf56cee807a8233c19e8
4077,632adf49cee807a8233c19d0
3343,632adeffcee807a8233c195b
3303,632adf3fcee807a8233c19be
1732,632adf21cee807a8233c1991
8959,632adeefcee807a8233c1943
4377,632adf40cee807a8233c19c1
11570,632adedfcee807a8233c1928
12884,632adf54cee807a8233c19e5
1101,632adf1bcee807a8233c1988
6064,632adef4cee807a8233c194c
1496,632adf44cee807a8233c19c7
5014,632a9511a21ed14a09d9566e
9431,632adf59cee807a8233c19ee
2652,632adef5cee807a8233c194f
583,632adf47cee807a8233c19cd
3002,632adf40cee807a8233c19c1
507,632adef5cee807a8233c194f
10265,632adf21cee807a8233c1991
4200,632adef1cee807a8233c1946
11991,632adef4cee807a8233c194c
7933,632adedbcee807a8233c191f
6557,632adf0acee807a8233c196d
1101,632adf40cee807a8233c19c1
10073,632adf12cee807a8233c1979
13178,632adf21cee807a8233c1991
8378,632adf3fcee807a8233c19be
3016,632adf1bcee807a8233c1988
6064,632adeedcee807a8233c1940
12916,632adec2cee807a8233c18f2
12987,632adf4ccee807a8233c19d6
1422,632adf35cee807a8233c19af
7258,632adf12cee807a8233c1979
8484,632adf35cee807a8233c19af
5805,632adf21cee807a8233c1991
2969,632adeffcee807a8233c195b
10917,632adf1ccee807a8233c198b
165,632adedfcee807a8233c1928
5651,632aded7cee807a8233c1919
5433,632adf4acee807a8233c19d3
3016,632adef7cee807a8233c1952
6099,632adeffcee807a8233c195b
4093,632adf4fcee807a8233c19dc
12884,632adf51cee807a8233c19df
8484,632adeeccee807a8233c193d
2652,632adf56cee807a8233c19e8
8977,632adec0cee807a8233c18ef
4020,632adf16cee807a8233c197f
5797,632adec9cee807a8233c18fe
1496,632adf4ecee807a8233c19d9
2355,632adf56cee807a8233c19e8
3440,632adf10cee807a8233c1976
9659,632adedccee807a8233c1922
4665,632a95d0a21ed14a09d95673
5805,632adef5cee807a8233c194f
10265,632adf47cee807a8233c19cd
4200,632adee2cee807a8233c192b
4399,632adf18cee807a8233c1982
2656,632adf24cee807a8233c1997
10975,632adeffcee807a8233c195b
3223,632adf3dcee807a8233c19bb
9431,632adf3bcee807a8233c19b8
12741,632adf44cee807a8233c19c7
4399,632adf1ccee807a8233c198b
9333,632adeefcee807a8233c1943
10975,632adf3fcee807a8233c19be
4665,632aded5cee807a8233c1916
7933,632adf3bcee807a8233c19b8
2652,632adf3fcee807a8233c19be
5014,632adf08cee807a8233c196a
10975,632adecfcee807a8233c190a
12987,632adf0acee807a8233c196d
12784,632aded9cee807a8233c191c
10975,632adecfcee807a8233c190a
6064,632adf51cee807a8233c19df
9431,632adf4fcee807a8233c19dc
7258,632adef7cee807a8233c1952
11991,632adf07cee807a8233c1967
906,632adeefcee807a8233c1943
9333,632a95d0a21ed14a09d95673
9302,632adf4ccee807a8233c19d6
615,632adf37cee807a8233c19b2
12784,632adf2bcee807a8233c19a0
2355,632add51844b7c5a4192b7f5
3440,632aded1cee807a8233c190d
6064,632aded4cee807a8233c1913
1422,632adf37cee807a8233c19b2
906,632adebecee807a8233c18ec
2969,632adf2fcee807a8233c19a6
4377,632adedccee807a8233c1922
10265,632adf18cee807a8233c1982
3016,632adf10cee807a8233c1976
3343,632adf40cee807a8233c19c1
7199,632adf47cee807a8233c19cd
615,632aded4cee807a8233c1913
4377,632adec2cee807a8233c18f2
10265,632aa86582279ebcd69d3c54
9302,632adedecee807a8233c1925
8733,632adf4ccee807a8233c19d6
3016,632aded2cee807a8233c1910
4665,632adf53cee807a8233c19e2
583,632adf4fcee807a8233c19dc
1496,632adf42cee807a8233c19c4
583,632adf3bcee807a8233c19b8
8484,632adeeacee807a8233c193a
4200,632adf39cee807a8233c19b5
547,632adf07cee807a8233c1967
9333,632adf45cee807a8233c19ca
2969,632adeefcee807a8233c1943
971,632adf07cee807a8233c1967
10265,632adf54cee807a8233c19e5
3016,632adf4acee807a8233c19d3
5343,632adf07cee807a8233c1967
547,632adee9cee807a8233c1937
10697,632aba81f65fdabf842911d4
12688,632aded4cee807a8233c1913
9333,632a961ea21ed14a09d95676
5715,632adedfcee807a8233c1928
4093,632adf1ccee807a8233c198b
1101,632adec5cee807a8233c18f8
12441,632aded4cee807a8233c1913
7199,632aded4cee807a8233c1913
9853,632adf49cee807a8233c19d0
10975,632adedbcee807a8233c191f
10917,632aacf3f65fdabf842911b9
5343,632adec5cee807a8233c18f8
3016,632adeeacee807a8233c193a
583,632adf08cee807a8233c196a
10917,632adf3dcee807a8233c19bb
9853,632a7ef781d1908ea1f60029
2969,632adec5cee807a8233c18f8
3440,632adf2dcee807a8233c19a3
4077,632adf19cee807a8233c1985
615,632adee4cee807a8233c192e
1101,632adedbcee807a8233c191f
1719,632adecacee807a8233c1901
2051,632adedccee807a8233c1922
12441,632aded2cee807a8233c1910
6064,632a8f59fc4675ab8ffafbae
906,632adecfcee807a8233c190a
10697,632adf0bcee807a8233c1970
12688,632adee7cee807a8233c1934
9431,632adf2dcee807a8233c19a3
10632,632aded4cee807a8233c1913
7933,632adf3dcee807a8233c19bb
7258,632aded2cee807a8233c1910
12741,632adf35cee807a8233c19af
9431,632adf40cee807a8233c19c1
4020,632adef5cee807a8233c194f
12720,632adf00cee807a8233c195e
4093,632adeefcee807a8233c1943
4093,632a9442a21ed14a09d9566a
4077,632adee2cee807a8233c192b
5797,632adf19cee807a8233c1985
6064,632adee2cee807a8233c192b
12784,632adf07cee807a8233c1967
3343,632adf29cee807a8233c199d
906,632adef5cee807a8233c194f
906,632adefacee807a8233c1955
8977,632adee7cee807a8233c1934
2355,632adec9cee807a8233c18fe
8484,632adecccee807a8233c1904
9659,632adf33cee807a8233c19ac
2652,632adef2cee807a8233c1949
2652,632adefccee807a8233c1958
12784,632adecccee807a8233c1904
1422,632adeedcee807a8233c1940
8733,632adf0bcee807a8233c1970
5391,632adee5cee807a8233c1931
6393,632abed9844b7c5a4192b7ef
547,632adf1ccee807a8233c198b
5391,632adf4fcee807a8233c19dc
692,632adf1bcee807a8233c1988
507,632adecacee807a8233c1901
8378,632adf12cee807a8233c1979
8959,632adf4acee807a8233c19d3
5433,632adf4fcee807a8233c19dc
4077,632adef2cee807a8233c1949
507,632aded7cee807a8233c1919
547,632adecfcee807a8233c190a
11991,632adf0dcee807a8233c1973
4399,632ab0e3f65fdabf842911c5
4665,632adeeccee807a8233c193d
10975,632adf31cee807a8233c19a9
10073,632adf3fcee807a8233c19be
5391,632adeeccee807a8233c193d
12884,632adef5cee807a8233c194f
5805,632adf18cee807a8233c1982
507,632adeedcee807a8233c1940
10391,632adf39cee807a8233c19b5
12688,632adf39cee807a8233c19b5
12987,632adf3bcee807a8233c19b8
9659,632adf21cee807a8233c1991
12916,632adeedcee807a8233c1940
4399,632a9511a21ed14a09d9566e
6393,632adf12cee807a8233c1979
12720,632adf29cee807a8233c199d
11917,632adf0dcee807a8233c1973
4377,632adf58cee807a8233c19eb
10917,632adf19cee807a8233c1985
4020,632adf33cee807a8233c19ac
6393,632adefacee807a8233c1955
2656,632adecccee807a8233c1904
11991,632adf4ecee807a8233c19d9
7199,632adedfcee807a8233c1928
6393,632adf00cee807a8233c195e
11570,632aded2cee807a8233c1910
9097,632adedccee807a8233c1922
7199,632adf56cee807a8233c19e8
5805,632adebecee807a8233c18ec
7933,632adf2fcee807a8233c19a6
6064,632adf4ccee807a8233c19d6
5343,632adf47cee807a8233c19cd
9659,632adeefcee807a8233c1943
12720,632adeedcee807a8233c1940
12688,632adf42cee807a8233c19c4
7258,632adedccee807a8233c1922
4077,632aded4cee807a8233c1913
4077,632adebecee807a8233c18ec
4093,632aded5cee807a8233c1916
4020,632adf3fcee807a8233c19be
11570,632adefacee807a8233c1955
7258,632adf31cee807a8233c19a9
12987,632adef7cee807a8233c1952
2656,632adf45cee807a8233c19ca
2656,632adf24cee807a8233c1997
11991,632add51844b7c5a4192b7f5
4377,632aa86582279ebcd69d3c54
3343,632adf37cee807a8233c19b2
4200,632aded4cee807a8233c1913
8959,632adf19cee807a8233c1985
10917,632adefccee807a8233c1958
12784,632adf54cee807a8233c19e5
1732,632adf53cee807a8233c19e2
2969,632adefccee807a8233c1958
3343,632aded7cee807a8233c1919
5391,632adf12cee807a8233c1979
5433,632adecacee807a8233c1901
3343,632adef7cee807a8233c1952
10917,632adf2fcee807a8233c19a6
10697,632adf19cee807a8233c1985
1811,632adf4fcee807a8233c19dc
12741,632adf56cee807a8233c19e8
13178,632add51844b7c5a4192b7f5
7199,632adeefcee807a8233c1943
4020,632adf44cee807a8233c19c7
8959,632adf4ccee807a8233c19d6
12987,632adedfcee807a8233c1928
13178,632adf07cee807a8233c1967
4020,632adf08cee807a8233c196a
7199,632adf3dcee807a8233c19bb
3440,632adf18cee807a8233c1982
1732,632adf21cee807a8233c1991
4665,632aded5cee807a8233c1916
1732,632adf16cee807a8233c197f
5805,632aba81f65fdabf842911d4
10391,632adedccee807a8233c1922
8959,632adf40cee807a8233c19c1
7199,632adf45cee807a8233c19ca
4020,632adf54cee807a8233c19e5
4665,632adf59cee807a8233c19ee
13178,632adebecee807a8233c18ec
692,632aded9cee807a8233c191c
1811,632a9442a21ed14a09d9566a
10975,632aded5cee807a8233c1916
10975,632adf2dcee807a8233c19a3
971,632adf4ccee807a8233c19d6
615,632adee4cee807a8233c192e
11991,632adf56cee807a8233c19e8
12916,632adf42cee807a8233c19c4
4665,632a9511a21ed14a09d9566e
6557,632adecacee807a8233c1901
2051,632adecccee807a8233c1904
4020,632adeffcee807a8233c195b
8378,632adeeccee807a8233c193d
4200,632adedfcee807a8233c1928
12720,632adeffcee807a8233c195b
906,632adeedcee807a8233c1940
6557,632adf29cee807a8233c199d
4377,632aa86582279ebcd69d3c54
1496,632adef5cee807a8233c194f
5797,632abed9844b7c5a4192b7ef
6393,632adf45cee807a8233c19ca
8733,632adf3fcee807a8233c19be
1732,632a8f59fc4675ab8ffafbae
4399,632adf0acee807a8233c196d
4665,632adf12cee807a8233c1979
11570,632adf44cee807a8233c19c7
8378,632adef2cee807a8233c1949
1010,632adecacee807a8233c1901
8378,632adf3bcee807a8233c19b8
13178,632a9511a21ed14a09d9566e
9097,632adec0cee807a8233c18ef
3016,632adef4cee807a8233c194c
12916,632a9442a21ed14a09d9566a
1811,632adee7cee807a8233c1934
1101,632adebdcee807a8233c18e9
6557,632adf40cee807a8233c19c1
9659,632aded1cee807a8233c190d
615,632a961ea21ed14a09d95676
2656,632adf59cee807a8233c19ee
12987,632aded7cee807a8233c1919
10265,632adef7cee807a8233c1952
2652,632adf21cee807a8233c1991
8378,632adf24cee807a8233c1997
9097,632adecfcee807a8233c190a
1010,632adef1cee807a8233c1946
615,632adefacee807a8233c1955
1811,632adeefcee807a8233c1943
12688,632adf3dcee807a8233c19bb
10391,632aded5cee807a8233c1916
12784,632adf4acee807a8233c19d3
3002,632adec3cee807a8233c18f5
1010,632adf00cee807a8233c195e
692,632adf3dcee807a8233c19bb
9333,632adf14cee807a8233c197c
2969,632adf14cee807a8233c197c
11570,632adec0cee807a8233c18ef
12688,632adf07cee807a8233c1967
1719,632adf51cee807a8233c19df
12784,632adee2cee807a8233c192b
11991,632adf02cee807a8233c1961
2656,632abed9844b7c5a4192b7ef
1101,632adf23cee807a8233c1994
3002,632aded2cee807a8233c1910
1496,632adefacee807a8233c1955
9302,632adee2cee807a8233c192b
5797,632ab0e3f65fdabf842911c5
547,632adf14cee807a8233c197c
12720,632adedfcee807a8233c1928
5805,632aba81f65fdabf842911d4
2969,632adf49cee807a8233c19d0
9097,632adee7cee807a8233c1934
5433,632adf3fcee807a8233c19be
5014,632adee4cee807a8233c192e
11917,632adf0dcee807a8233c1973
11917,632adee7cee807a8233c1934
3303,632adebdcee807a8233c18e9
583,632adeefcee807a8233c1943
8378,632a961ea21ed14a09d95676
6099,632adf35cee807a8233c19af
1811,632aba81f65fdabf842911d4
6099,632adef5cee807a8233c194f
4020,632adf33cee807a8233c19ac
971,632adf53cee807a8233c19e2
1811,632adf35cee807a8233c19af
1732,632adee5cee807a8233c1931
4093,632a95d0a21ed14a09d95673
4200,632adf35cee807a8233c19af
1101,632a95d0a21ed14a09d95673
3016,632adee4cee807a8233c192e
10917,632adedfcee807a8233c1928
3223,632adf19cee807a8233c1985
12688,632adf31cee807a8233c19a9
5433,632add51844b7c5a4192b7f5
10917,632adf56cee807a8233c19e8
12987,632aba81f65fdabf842911d4
7933,632adedccee807a8233c1922
11991,632adf00cee807a8233c195e
7933,632adecfcee807a8233c190a
8959,63299610908adf01ae3f849c
9853,632adf08cee807a8233c196a
2355,632adf10cee807a8233c1976
10917,632adebdcee807a8233c18e9
547,632adf2bcee807a8233c19a0
11570,632adf23cee807a8233c1994
7258,632adecfcee807a8233c190a
10697,632adf12cee807a8233c1979
615,632aa86582279ebcd69d3c54
971,632adf0bcee807a8233c1970
165,632adedecee807a8233c1925
9333,632adf0dcee807a8233c1973
4093,632adf21cee807a8233c1991
971,632adf0bcee807a8233c1970
9097,632adeefcee807a8233c1943
5433,632adeffcee807a8233c195b
12916,632adf0dcee807a8233c1973
5343,632adf2dcee807a8233c19a3
2656,632adee7cee807a8233c1934
2652,632adedccee807a8233c1922
9431,632adebdcee807a8233c18e9
5797,632aded4cee807a8233c1913
11917,632adebdcee807a8233c18e9
11917,632adf18cee807a8233c1982
3223,632adebecee807a8233c18ec
6393,632adf42cee807a8233c19c4
4020,632adececee807a8233c1907
4077,632aded1cee807a8233c190d
7258,632adf44cee807a8233c19c7
4020,632a8f59fc4675ab8ffafbae
10917,632adf1bcee807a8233c1988
2652,632adf4ccee807a8233c19d6
1811,632adf3fcee807a8233c19be
12441,632aded1cee807a8233c190d
10632,632adf4ecee807a8233c19d9
12441,632adf49cee807a8233c19d0
12784,632adf00cee807a8233c195e
10697,632adf3fcee807a8233c19be
5391,632aded9cee807a8233c191c
8484,632adf4fcee807a8233c19dc
3343,632adf16cee807a8233c197f
1496,632adf18cee807a8233c1982
1811,632adecccee807a8233c1904
5715,632adec5cee807a8233c18f8
5433,632adedccee807a8233c1922
8733,632adf12cee807a8233c1979
4020,632a961ea21ed14a09d95676
9097,632add51844b7c5a4192b7f5
7258,632a95d0a21ed14a09d95673
547,632adf19cee807a8233c1985
12688,632adebecee807a8233c18ec
971,632adec9cee807a8233c18fe
7933,632adec7cee807a8233c18fb
4077,632adf44cee807a8233c19c7
8959,632aba81f65fdabf842911d4
1010,632adec9cee807a8233c18fe
1422,632adf0dcee807a8233c1973
692,632adf53cee807a8233c19e2
4665,632adee4cee807a8233c192e
10073,632a95d0a21ed14a09d95673
12441,63299610908adf01ae3f849c
9659,632adf24cee807a8233c1997
2652,632adf07cee807a8233c1967
615,632adf54cee807a8233c19e5
615,632adebecee807a8233c18ec
7933,632adf1fcee807a8233c198e
4377,632adf24cee807a8233c1997
10697,632adec5cee807a8233c18f8
10073,632adf31cee807a8233c19a9
3343,632adf45cee807a8233c19ca
8378,632adecacee807a8233c1901
3223,632adf1fcee807a8233c198e
2355,632aded7cee807a8233c1919
1496,632adf51cee807a8233c19df
5343,632adf10cee807a8233c1976
6557,632adf39cee807a8233c19b5
3002,632adf23cee807a8233c1994
9853,632adef7cee807a8233c1952
9659,632adefacee807a8233c1955
6557,632adf33cee807a8233c19ac
2656,632a961ea21ed14a09d95676
12987,632adebdcee807a8233c18e9
12784,632adeeacee807a8233c193a
906,632adecfcee807a8233c190a
1422,632adefccee807a8233c1958
8378,632adf0bcee807a8233c1970
9659,632adf16cee807a8233c197f
11917,632adee4cee807a8233c192e
8484,632adec7cee807a8233c18fb
6099,632adec0cee807a8233c18ef
1101,632adec9cee807a8233c18fe
10265,632adebdcee807a8233c18e9
10975,632adf39cee807a8233c19b5
1101,632adf33cee807a8233c19ac
9659,632adf21cee807a8233c1991
12987,632adf59cee807a8233c19ee
5715,632adf07cee807a8233c1967
6099,632adf33cee807a8233c19ac
8378,632adf31cee807a8233c19a9
1719,632aded9cee807a8233c191c
10697,632adf47cee807a8233c19cd
8959,632adf54cee807a8233c19e5
5797,632adf0dcee807a8233c1973
4665,632adf4ccee807a8233c19d6
8733,632adebdcee807a8233c18e9
165,632adf56cee807a8233c19e8
11991,632aded2cee807a8233c1910
9302,632adf16cee807a8233c197f
10073,632adf07cee807a8233c1967
5651,632adf31cee807a8233c19a9
5797,632adf59cee807a8233c19ee
12720,632adf0dcee807a8233c1973
5805,632adf4ccee807a8233c19d6
5433,632adec0cee807a8233c18ef
1010,632adf10cee807a8233c1976
12741,632adebdcee807a8233c18e9
10265,632adf1fcee807a8233c198e
7258,632adee2cee807a8233c192b
7199,632adeeacee807a8233c193a
12987,632ab0e3f65fdabf842911c5
5715,632adf21cee807a8233c1991
11570,632adebdcee807a8233c18e9
2652,632adf2dcee807a8233c19a3
12884,632adf23cee807a8233c1994
10975,632adf58cee807a8233c19eb
2051,632adf2fcee807a8233c19a6
8733,632add51844b7c5a4192b7f5
9853,632adee9cee807a8233c1937
1719,632adf4ecee807a8233c19d9
5715,632adececee807a8233c1907
5797,632adf21cee807a8233c1991
9659,632adec7cee807a8233c18fb
13178,632adf2bcee807a8233c19a0
10917,632adf2dcee807a8233c19a3
583,632adf56cee807a8233c19e8
3016,632adf3dcee807a8233c19bb
547,632ab0e3f65fdabf842911c5
1101,632adf4ccee807a8233c19d6
8977,632adf14cee807a8233c197c
13178,632adf56cee807a8233c19e8
692,632adf16cee807a8233c197f
5651,632adf3dcee807a8233c19bb
6393,632adf07cee807a8233c1967
12916,632adf07cee807a8233c1967
583,632adeeccee807a8233c193d
5343,632aded9cee807a8233c191c
4077,632a961ea21ed14a09d95676
507,632adee7cee807a8233c1934
12688,632adedbcee807a8233c191f
3343,632adf1fcee807a8233c198e
11991,632adf1fcee807a8233c198e
3303,63299610908adf01ae3f849c
10917,632adec9cee807a8233c18fe
10975,632adf3fcee807a8233c19be
5651,632adec0cee807a8233c18ef
4077,632adececee807a8233c1907
9659,632add51844b7c5a4192b7f5
11570,632adec3cee807a8233c18f5
12916,632adf35cee807a8233c19af
1422,632adf49cee807a8233c19d0
165,632adf21cee807a8233c1991
7933,632adedbcee807a8233c191f
3440,632adef1cee807a8233c1946
4020,632adec5cee807a8233c18f8
11917,632adf12cee807a8233c1979
10265,632adec2cee807a8233c18f2
2355,632a7ef781d1908ea1f60029
10697,632adee4cee807a8233c192e
10073,632adf23cee807a8233c1994
971,632a7ef781d1908ea1f60029
12688,632adeffcee807a8233c195b
3002,632adf3fcee807a8233c19be
12441,632adedfcee807a8233c1928
1719,632adeefcee807a8233c1943
547,632adf02cee807a8233c1961
906,632adec5cee807a8233c18f8
8378,632adf0bcee807a8233c1970
9097,632a95d0a21ed14a09d95673
971,632adf42cee807a8233c19c4
1101,632adf10cee807a8233c1976
10975,632aded9cee807a8233c191c
11917,632adf51cee807a8233c19df
4077,632adeeccee807a8233c193d
906,632adf53cee807a8233c19e2
3002,632adf2fcee807a8233c19a6
8484,632adf54cee807a8233c19e5
12688,632adf1fcee807a8233c198e
12987,632adeeccee807a8233c193d
1496,632adf00cee807a8233c195e
4200,632adecacee807a8233c1901
5014,632adefccee807a8233c1958
507,632adf4ccee807a8233c19d6
5805,632abed9844b7c5a4192b7ef
4020,632adebecee807a8233c18ec
12784,632adf37cee807a8233c19b2
615,632a9442a21ed14a09d9566a
11570,632a9442a21ed14a09d9566a
5343,632a9442a21ed14a09d9566a
5651,632adf14cee807a8233c197c
2355,632adee5cee807a8233c1931
1010,632aded9cee807a8233c191c
6099,632adef1cee807a8233c1946
4665,632adee5cee807a8233c1931
1811,632adf26cee807a8233c199a
6557,632adf2bcee807a8233c19a0
6099,632aa86582279ebcd69d3c54
3223,632adf2bcee807a8233c19a0
6393,632ab0e3f65fdabf842911c5
165,632adf24cee807a8233c1997
12784,632aacf3f65fdabf842911b9
971,632adf18cee807a8233c1982
12441,632adeedcee807a8233c1940
1719,632adebdcee807a8233c18e9
3223,632adedecee807a8233c1925
906,632adee9cee807a8233c1937
9333,632adedccee807a8233c1922
8484,632adedbcee807a8233c191f
12916,632adeeacee807a8233c193a
8959,632adecccee807a8233c1904
6064,632abed9844b7c5a4192b7ef
4077,632adf53cee807a8233c19e2
8484,632adef5cee807a8233c194f
12441,632adf42cee807a8233c19c4
3440,632adececee807a8233c1907
4665,632adeeccee807a8233c193d
1719,632adf00cee807a8233c195e
3002,632adec7cee807a8233c18fb
8378,632adedccee807a8233c1922
1811,632adeeccee807a8233c193d
3440,632adebdcee807a8233c18e9
12688,632adf4acee807a8233c19d3
5433,632adf14cee807a8233c197c
4377,632adf37cee807a8233c19b2
9853,632adf1bcee807a8233c1988
3303,632adf42cee807a8233c19c4
8378,632adf4acee807a8233c19d3
5715,632adf37cee807a8233c19b2
11570,632adf51cee807a8233c19df
7933,632adeeccee807a8233c193d
906,632adefacee807a8233c1955
5805,632adf4acee807a8233c19d3
9659,632adecccee807a8233c1904
5343,632aded5cee807a8233c1916
8959,632adec3cee807a8233c18f5
971,632adee2cee807a8233c192b
13178,632aded7cee807a8233c1919
12688,632adeeccee807a8233c193d
7933,632aded9cee807a8233c191c
12987,632a961ea21ed14a09d95676
12916,632adf39cee807a8233c19b5
7933,632adec5cee807a8233c18f8
9333,632adf2dcee807a8233c19a3
1496,632adedfcee807a8233c1928
7258,632adf3fcee807a8233c19be
9853,632aded2cee807a8233c1910
8378,632adee4cee807a8233c192e
8959,632adf3bcee807a8233c19b8
2969,632adf3fcee807a8233c19be
6099,632adeeacee807a8233c193a
10391,632adec5cee807a8233c18f8
6557,632adf37cee807a8233c19b2
4093,632aba81f65fdabf842911d4
9302,632adf23cee807a8233c1994
1719,632adf10cee807a8233c1976
10632,632adf0acee807a8233c196d
8977,632aba81f65fdabf842911d4
11570,632adf26cee807a8233c199a
12441,632add51844b7c5a4192b7f5
11991,632aba81f65fdabf842911d4
1811,632a9511a21ed14a09d9566e
5391,632adf51cee807a8233c19df
12441,632adecccee807a8233c1904
906,632aded5cee807a8233c1916
12720,632a95d0a21ed14a09d95673
4020,632adf4ccee807a8233c19d6
1732,632adf42cee807a8233c19c4
3303,632adeeccee807a8233c193d
1101,632aa86582279ebcd69d3c54
9097,632adeefcee807a8233c1943
11991,632adf26cee807a8233c199a
3303,632adf02cee807a8233c1961
4077,632aded4cee807a8233c1913
2656,632adec5cee807a8233c18f8
692,632aded2cee807a8233c1910
4077,632aded2cee807a8233c1910
8977,632adf0bcee807a8233c1970
583,632adeeacee807a8233c193a
13178,632adf35cee807a8233c19af
3016,632aded2cee807a8233c1910
6557,632adf49cee807a8233c19d0
7258,632adf44cee807a8233c19c7
1732,632adf24cee807a8233c1997
12784,632a9511a21ed14a09d9566e
9853,632adef7cee807a8233c1952
6099,632adf47cee807a8233c19cd
10697,632adecfcee807a8233c190a
12884,632adececee807a8233c1907
4093,632adf42cee807a8233c19c4
9097,632adec7cee807a8233c18fb
3002,632adf53cee807a8233c19e2
3440,632adeffcee807a8233c195b
3303,632adedbcee807a8233c191f
1010,632adee2cee807a8233c192b
6393,632adeeacee807a8233c193a
3016,632adf56cee807a8233c19e8
10697,632aba81f65fdabf842911d4
10073,632adf0bcee807a8233c1970
8378,632aded7cee807a8233c1919
8378,632a95d0a21ed14a09d95673
9097,632adf35cee807a8233c19af
3016,632abed9844b7c5a4192b7ef
583,632adf16cee807a8233c197f
4399,632adf45cee807a8233c19ca
7199,632adf29cee807a8233c199d
9431,632adee7cee807a8233c1934
547,632adf3fcee807a8233c19be
547,632adec9cee807a8233c18fe
4020,632adedccee807a8233c1922
9097,632adef4cee807a8233c194c
7199,632a8f59fc4675ab8ffafbae
6099,632abed9844b7c5a4192b7ef
2969,632adf00cee807a8233c195e
507,632adf4acee807a8233c19d3
9659,632adf02cee807a8233c1961
12884,632adef2cee807a8233c1949
5014,632adf12cee807a8233c1979
3303,632adf0acee807a8233c196d
3002,632adf10cee807a8233c1976
507,632adeeacee807a8233c193a
12688,632adf4acee807a8233c19d3
2969,632adf08cee807a8233c196a
1732,632adeffcee807a8233c195b
1422,632a9442a21ed14a09d9566a
8378,632adf45cee807a8233c19ca
8484,632a7ef781d1908ea1f60029
1422,632adecacee807a8233c1901
3016,632adf47cee807a8233c19cd
2969,632adf4fcee807a8233c19dc
8484,632adefccee807a8233c1958
583,632adec0cee807a8233c18ef
12916,632adf21cee807a8233c1991
7258,632adf4ecee807a8233c19d9
8733,632adf31cee807a8233c19a9
5805,632adedccee807a8233c1922
3303,632ab0e3f65fdabf842911c5
10391,632aded7cee807a8233c1919
7258,632adecacee807a8233c1901
5651,632adf51cee807a8233c19df
9333,632adf47cee807a8233c19cd
615,632aded1cee807a8233c190d
11570,632adf1ccee807a8233c198b
547,632adf26cee807a8233c199a
3303,632adf02cee807a8233c1961
5433,632adf00cee807a8233c195e
10975,632adf4fcee807a8233c19dc
3223,632adebdcee807a8233c18e9
1811,63299610908adf01ae3f849c
6393,632adf37cee807a8233c19b2
507,632adf0bcee807a8233c1970
12987,632adef2cee807a8233c1949
3343,632adf2fcee807a8233c19a6
9302,632adf35cee807a8233c19af
1010,632aacf3f65fdabf842911b9
7199,632aba81f65fdabf842911d4
12688,632adf14cee807a8233c197c
12688,632adf4ccee807a8233c19d6
10697,632adee9cee807a8233c1937
547,632adeefcee807a8233c1943
3343,632adec0cee807a8233c18ef
10265,632adef4cee807a8233c194c
971,632adefccee807a8233c1958
10917,632adf24cee807a8233c1997
9659,632adef2cee807a8233c1949
5391,632adf0acee807a8233c196d
5014,632adf14cee807a8233c197c
13178,632adf00cee807a8233c195e
906,632adef5cee807a8233c194f
13178,632adecacee807a8233c1901
7258,632adee2cee807a8233c192b
5433,632adec9cee807a8233c18fe
13178,632adf24cee807a8233c1997
3223,632adf4fcee807a8233c19dc
13178,632adeffcee807a8233c195b
8484,632adedbcee807a8233c191f
11570,632adef4cee807a8233c194c
1010,632adef1cee807a8233c1946
12720,632adf4ccee807a8233c19d6
12884,632adeeccee807a8233c193d
5014,632a7ef781d1908ea1f60029
9333,632aded2cee807a8233c1910
2969,632adf08cee807a8233c196a
2656,632adeeccee807a8233c193d
583,632adecccee807a8233c1904
2969,632adefacee807a8233c1955
692,632ab0e3f65fdabf842911c5
615,632adf40cee807a8233c19c1
8733,632adec5cee807a8233c18f8
5433,632aded9cee807a8233c191c
1496,632adf2fcee807a8233c19a6
1101,632adf1fcee807a8233c198e
3016,632adf3bcee807a8233c19b8
971,632adf4fcee807a8233c19dc
507,632adecacee807a8233c1901
10917,632adf19cee807a8233c1985
12987,632adee2cee807a8233c192b
1719,63299610908adf01ae3f849c
12987,632adf0dcee807a8233c1973
4665,632adee9cee807a8233c1937
8484,632adf4fcee807a8233c19dc
1732,632a7ef781d1908ea1f60029
9097,632adf26cee807a8233c199a
5805,632adef5cee807a8233c194f
12741,632a9442a21ed14a09d9566a
8378,632aded9cee807a8233c191c
10917,632adf21cee807a8233c1991
2051,632add51844b7c5a4192b7f5
10917,632adf2fcee807a8233c19a6
10391,632aa86582279ebcd69d3c54
3016,632adf2fcee807a8233c19a6
5391,632adf44cee807a8233c19c7
906,632adf51cee807a8233c19df
583,632adef1cee807a8233c1946
1732,632a7ef781d1908ea1f60029
1422,632adf10cee807a8233c1976
13178,632adf16cee807a8233c197f
971,632aba81f65fdabf842911d4
12720,632adf1bcee807a8233c1988
7199,632adf0bcee807a8233c1970
2051,632adf08cee807a8233c196a
4200,632adf07cee807a8233c1967
615,632aba81f65fdabf842911d4
5797,632adeefcee807a8233c1943
1719,632adec9cee807a8233c18fe
1496,632a95d0a21ed14a09d95673
6557,632aa86582279ebcd69d3c54
3223,632adf04cee807a8233c1964
2355,632a9511a21ed14a09d9566e
9659,632adf02cee807a8233c1961
1422,632aacf3f65fdabf842911b9
11570,632adef2cee807a8233c1949
906,632aded4cee807a8233c1913
1496,632adf45cee807a8233c19ca
692,632a9442a21ed14a09d9566a
2652,632a9511a21ed14a09d9566e
11570,632adf44cee807a8233c19c7
10073,632adf53cee807a8233c19e2
5343,632adf44cee807a8233c19c7
13178,632a95d0a21ed14a09d95673
5433,632adec9cee807a8233c18fe
1010,632adf24cee807a8233c1997
8484,632a7ef781d1908ea1f60029
4665,632adeedcee807a8233c1940
1101,632adf37cee807a8233c19b2
12441,632adecacee807a8233c1901
12741,632adf0acee807a8233c196d
507,632adf2fcee807a8233c19a6
11570,632adedccee807a8233c1922
11917,632aded1cee807a8233c190d
507,632adf08cee807a8233c196a
1719,632adebdcee807a8233c18e9
971,632adf4ccee807a8233c19d6
6099,632adeeacee807a8233c193a
165,632adec0cee807a8233c18ef
4377,632aded1cee807a8233c190d
13178,632adf18cee807a8233c1982
4093,632adf26cee807a8233c199a
3223,632adef1cee807a8233c1946
906,632adf37cee807a8233c19b2
9333,632adf4fcee807a8233c19dc
9333,632adf54cee807a8233c19e5
8977,632adf2bcee807a8233c19a0
7933,632adebecee807a8233c18ec
8484,632adee2cee807a8233c192b
9097,632adedccee807a8233c1922
5433,632adf56cee807a8233c19e8
1811,632aacf3f65fdabf842911b9
12987,632adef2cee807a8233c1949
4665,632adf4ecee807a8233c19d9
7199,632adee2cee807a8233c192b
692,632adf47cee807a8233c19cd
9302,632a95d0a21ed14a09d95673
4665,632adf29cee807a8233c199d
10265,632adf37cee807a8233c19b2
3002,632adeedcee807a8233c1940
4377,632adec7cee807a8233c18fb
9302,632adf0bcee807a8233c1970
6557,632adf49cee807a8233c19d0
4020,632adf58cee807a8233c19eb
5715,632adf16cee807a8233c197f
8484,632adf3fcee807a8233c19be
12987,632adf44cee807a8233c19c7
5433,632adf42cee807a8233c19c4
5391,632adedecee807a8233c1925
11991,632aded2cee807a8233c1910
615,632adecfcee807a8233c190a
4377,632adf1ccee807a8233c198b
5014,632adec5cee807a8233c18f8
5651,632adf39cee807a8233c19b5
8733,632adf59cee807a8233c19ee
5343,632a7ef781d1908ea1f60029
5651,632adef4cee807a8233c194c
9333,632a9442a21ed14a09d9566a
10632,632adf23cee807a8233c1994
5805,632adf45cee807a8233c19ca
9431,632adedfcee807a8233c1928
1719,632adf58cee807a8233c19eb
615,632adef1cee807a8233c1946
12987,632adf1ccee807a8233c198b
5014,632adebecee807a8233c18ec
1422,632adecccee807a8233c1904
10265,632adf47cee807a8233c19cd
12987,632adf16cee807a8233c197f
3440,632adf31cee807a8233c19a9
10975,632adec0cee807a8233c18ef
1719,632adee5cee807a8233c1931
1719,632adeffcee807a8233c195b
7199,632adf23cee807a8233c1994
3303,632adeeccee807a8233c193d
12720,632adf07cee807a8233c1967
11917,632adef5cee807a8233c194f
10917,632adf02cee807a8233c1961
10917,632adecacee807a8233c1901
8484,632adf2dcee807a8233c19a3
10697,632adf26cee807a8233c199a
13178,632adf1fcee807a8233c198e
1496,632adecfcee807a8233c190a
9333,632adf35cee807a8233c19af
4377,632adf3dcee807a8233c19bb
3002,632adedbcee807a8233c191f
3002,632adf54cee807a8233c19e5
5651,632adee4cee807a8233c192e
9431,632adef2cee807a8233c1949
11570,632adf23cee807a8233c1994
10265,632a7ef781d1908ea1f60029
2652,632adf1fcee807a8233c198e
3016,632adf51cee807a8233c19df
507,632adecccee807a8233c1904
9097,632adee4cee807a8233c192e
6557,632adefccee807a8233c1958
9333,632adf3dcee807a8233c19bb
6557,632adf08cee807a8233c196a
6064,632adeefcee807a8233c1943
2969,632adedecee807a8233c1925
10697,632adf3bcee807a8233c19b8
12441,632adebdcee807a8233c18e9
8378,632adf40cee807a8233c19c1
3440,632adf31cee807a8233c19a9
4377,632adf49cee807a8233c19d0
2652,632aded1cee807a8233c190d
10632,632adf0bcee807a8233c1970
